Date,Open,High,Low,Close,Change(Pips),Change(%)
05/31/2023 00:00,0.65176,0.65185,0.65102,0.65167,-0.9,-0.01
05/30/2023 23:00,0.6515,0.65219,0.6515,0.65175,2.5,0.04
05/30/2023 22:00,0.65165,0.65173,0.65149,0.65155,-1,-0.02
05/30/2023 21:00,0.65118,0.65192,0.65057,0.65165,4.7,0.07
05/30/2023 20:00,0.65181,0.65182,0.65155,0.65173,-0.8,-0.01
05/30/2023 19:00,0.65115,0.65188,0.65101,0.65183,6.8,0.1
05/30/2023 18:00,0.65042,0.65131,0.65029,0.65109,6.7,0.1
05/30/2023 17:00,0.65099,0.65106,0.65036,0.65043,-5.6,-0.09
05/30/2023 16:00,0.65122,0.65161,0.65079,0.651,-2.2,-0.03
05/30/2023 15:00,0.65161,0.65178,0.65084,0.65121,-4,-0.06
05/30/2023 14:00,0.65202,0.65305,0.65135,0.65163,-3.9,-0.06
05/30/2023 13:00,0.65353,0.65385,0.65202,0.65202,-15.1,-0.23
05/30/2023 12:00,0.65523,0.65545,0.65337,0.65349,-17.4,-0.27
05/30/2023 11:00,0.65414,0.65528,0.65374,0.65523,10.9,0.17
05/30/2023 10:00,0.6545,0.65499,0.65382,0.65418,-3.2,-0.05
05/30/2023 09:00,0.65424,0.65494,0.65366,0.6545,2.6,0.04
05/30/2023 08:00,0.65315,0.65431,0.65314,0.65425,11,0.17
05/30/2023 07:00,0.65244,0.65318,0.65199,0.65315,7.1,0.11
05/30/2023 06:00,0.65068,0.65252,0.65065,0.65241,17.3,0.27
05/30/2023 05:00,0.65174,0.65197,0.6503,0.6507,-10.4,-0.16
05/30/2023 04:00,0.65129,0.65184,0.65098,0.6517,4.1,0.06
05/30/2023 03:00,0.65387,0.65395,0.65106,0.65131,-25.6,-0.39
05/30/2023 02:00,0.65507,0.65539,0.65376,0.65386,-12.1,-0.19
05/30/2023 01:00,0.65397,0.65591,0.65397,0.65503,10.6,0.16
05/30/2023 00:00,0.65276,0.65427,0.65267,0.65397,12.1,0.19
05/29/2023 23:00,0.65396,0.65397,0.65282,0.65282,-11.4,-0.17
05/29/2023 22:00,0.65372,0.65434,0.65362,0.65393,2.1,0.03
05/29/2023 21:00,0.65357,0.65392,0.65354,0.65379,2.2,0.03
05/29/2023 20:00,0.65387,0.65408,0.65384,0.65394,0.7,0.01
05/29/2023 19:00,0.6539,0.654,0.65385,0.65389,-0.1,0
05/29/2023 18:00,0.6539,0.65393,0.65385,0.65389,-0.1,0
05/29/2023 17:00,0.65386,0.654,0.65383,0.65389,0.3,0
05/29/2023 16:00,0.6541,0.6541,0.65379,0.65382,-2.8,-0.04
05/29/2023 15:00,0.65398,0.65423,0.65371,0.6541,1.2,0.02
05/29/2023 14:00,0.65358,0.65423,0.65351,0.65398,4,0.06
05/29/2023 13:00,0.65416,0.65427,0.65348,0.65356,-6,-0.09
05/29/2023 12:00,0.65391,0.65414,0.65361,0.65412,2.1,0.03
05/29/2023 11:00,0.65416,0.65467,0.65392,0.65397,-1.9,-0.03
05/29/2023 10:00,0.65387,0.65414,0.65348,0.65411,2.4,0.04
05/29/2023 09:00,0.65433,0.6545,0.6539,0.65392,-4.1,-0.06
05/29/2023 08:00,0.65339,0.65436,0.65287,0.65431,9.2,0.14
05/29/2023 07:00,0.65475,0.65475,0.6531,0.65341,-13.4,-0.21
05/29/2023 06:00,0.65449,0.65542,0.65441,0.65474,2.5,0.04
05/29/2023 05:00,0.654,0.65475,0.65375,0.6545,5,0.08
05/29/2023 04:00,0.65284,0.65402,0.65279,0.65393,10.9,0.17
05/29/2023 03:00,0.65345,0.65362,0.65268,0.65288,-5.7,-0.09
05/29/2023 02:00,0.65362,0.65437,0.65339,0.65342,-2,-0.03
05/29/2023 01:00,0.65289,0.65445,0.65261,0.65365,7.6,0.12
05/29/2023 00:00,0.65248,0.65306,0.65233,0.65287,3.9,0.06
05/28/2023 23:00,0.65237,0.65285,0.65222,0.65248,1.1,0.02
05/28/2023 22:00,0.65208,0.6526,0.65207,0.65238,3,0.05
05/28/2023 21:00,0.65208,0.65248,0.65176,0.65205,-0.3,0
05/26/2023 20:00,0.65188,0.65197,0.65164,0.6518,-0.8,-0.01
05/26/2023 19:00,0.65197,0.65211,0.6517,0.65191,-0.6,-0.01
05/26/2023 18:00,0.65125,0.65206,0.65121,0.65194,6.9,0.11
05/26/2023 17:00,0.65144,0.65167,0.65096,0.65125,-1.9,-0.03
05/26/2023 16:00,0.65096,0.6517,0.65095,0.65144,4.8,0.07
05/26/2023 15:00,0.65059,0.65108,0.64977,0.65095,3.6,0.06
05/26/2023 14:00,0.65126,0.65313,0.64992,0.65063,-6.3,-0.1
05/26/2023 13:00,0.65292,0.65318,0.65108,0.65119,-17.3,-0.27
05/26/2023 12:00,0.65415,0.6543,0.65202,0.65291,-12.4,-0.19
05/26/2023 11:00,0.65352,0.65445,0.65349,0.65415,6.3,0.1
05/26/2023 10:00,0.65271,0.65367,0.65261,0.65349,7.8,0.12
05/26/2023 09:00,0.65222,0.65286,0.65184,0.65274,5.2,0.08
05/26/2023 08:00,0.65188,0.65266,0.65177,0.65226,3.8,0.06
05/26/2023 07:00,0.65235,0.6526,0.65158,0.65188,-4.7,-0.07
05/26/2023 06:00,0.65148,0.65283,0.65113,0.65233,8.5,0.13
05/26/2023 05:00,0.65161,0.6521,0.65134,0.65154,-0.7,-0.01
05/26/2023 04:00,0.65117,0.65181,0.651,0.6516,4.3,0.07
05/26/2023 03:00,0.65082,0.65118,0.65049,0.65117,3.5,0.05
05/26/2023 02:00,0.65075,0.65155,0.65069,0.65082,0.7,0.01
05/26/2023 01:00,0.65,0.651,0.64974,0.65075,7.5,0.12
05/26/2023 00:00,0.64988,0.65017,0.64905,0.65001,1.3,0.02
05/25/2023 23:00,0.65053,0.65061,0.64974,0.64985,-6.8,-0.1
05/25/2023 22:00,0.65058,0.65071,0.65011,0.65047,-1.1,-0.02
05/25/2023 21:00,0.64992,0.65068,0.64991,0.65062,7,0.11
05/25/2023 20:00,0.65043,0.65057,0.65026,0.65049,0.6,0.01
05/25/2023 19:00,0.65036,0.65068,0.65013,0.6504,0.4,0.01
05/25/2023 18:00,0.65135,0.65169,0.65027,0.6504,-9.5,-0.15
05/25/2023 17:00,0.64991,0.65136,0.64987,0.65133,14.2,0.22
05/25/2023 16:00,0.65043,0.65052,0.64986,0.64988,-5.5,-0.08
05/25/2023 15:00,0.651,0.65156,0.6501,0.65044,-5.6,-0.09
05/25/2023 14:00,0.65049,0.65128,0.65009,0.65095,4.6,0.07
05/25/2023 13:00,0.65181,0.65245,0.65044,0.65055,-12.6,-0.19
05/25/2023 12:00,0.65279,0.65352,0.6515,0.65178,-10.1,-0.15
05/25/2023 11:00,0.65269,0.65284,0.652,0.65283,1.4,0.02
05/25/2023 10:00,0.65282,0.65336,0.65267,0.65268,-1.4,-0.02
05/25/2023 09:00,0.65308,0.65351,0.65233,0.65281,-2.7,-0.04
05/25/2023 08:00,0.65317,0.65356,0.6528,0.65309,-0.8,-0.01
05/25/2023 07:00,0.65347,0.65361,0.6527,0.65313,-3.4,-0.05
05/25/2023 06:00,0.65271,0.65428,0.65224,0.65349,7.8,0.12
05/25/2023 05:00,0.65259,0.65287,0.65227,0.65268,0.9,0.01
05/25/2023 04:00,0.65281,0.65291,0.65231,0.65264,-1.7,-0.03
05/25/2023 03:00,0.65297,0.65326,0.65234,0.65282,-1.5,-0.02
05/25/2023 02:00,0.65322,0.6536,0.65274,0.65294,-2.8,-0.04
05/25/2023 01:00,0.6541,0.65445,0.65261,0.65324,-8.6,-0.13
05/25/2023 00:00,0.65432,0.65439,0.65368,0.65408,-2.4,-0.04
05/24/2023 23:00,0.65444,0.65457,0.65411,0.65434,-1,-0.02
05/24/2023 22:00,0.65451,0.6546,0.65385,0.65446,-0.5,-0.01
05/24/2023 21:00,0.65329,0.65458,0.65329,0.65452,12.3,0.19
05/24/2023 20:00,0.6539,0.65444,0.6539,0.65438,4.8,0.07
05/24/2023 19:00,0.65354,0.65451,0.65346,0.65386,3.2,0.05
05/24/2023 18:00,0.65402,0.65456,0.65349,0.65354,-4.8,-0.07
05/24/2023 17:00,0.6537,0.65429,0.65318,0.65405,3.5,0.05
05/24/2023 16:00,0.65401,0.65418,0.65297,0.65373,-2.8,-0.04
05/24/2023 15:00,0.65372,0.65483,0.65342,0.65399,2.7,0.04
05/24/2023 14:00,0.65481,0.65492,0.65311,0.65371,-11,-0.17
05/24/2023 13:00,0.65725,0.65752,0.65473,0.65483,-24.2,-0.37
05/24/2023 12:00,0.65769,0.65852,0.65704,0.65722,-4.7,-0.07
05/24/2023 11:00,0.65618,0.6577,0.65615,0.6577,15.2,0.23
05/24/2023 10:00,0.65739,0.65741,0.65609,0.65618,-12.1,-0.18
05/24/2023 09:00,0.65797,0.65841,0.6573,0.65735,-6.2,-0.09
05/24/2023 08:00,0.65704,0.65818,0.65682,0.65796,9.2,0.14
05/24/2023 07:00,0.65822,0.65831,0.65669,0.65703,-11.9,-0.18
05/24/2023 06:00,0.65961,0.65999,0.65795,0.65828,-13.3,-0.2
05/24/2023 05:00,0.65965,0.66016,0.65941,0.65957,-0.8,-0.01
05/24/2023 04:00,0.66013,0.66039,0.6596,0.65964,-4.9,-0.07
05/24/2023 03:00,0.6597,0.66083,0.65929,0.66013,4.3,0.07
05/24/2023 02:00,0.66104,0.66104,0.65855,0.65972,-13.2,-0.2
05/24/2023 01:00,0.66113,0.6615,0.66016,0.66105,-0.8,-0.01
05/24/2023 00:00,0.66136,0.66143,0.66081,0.66113,-2.3,-0.03
05/23/2023 23:00,0.66128,0.66139,0.66099,0.66137,0.9,0.01
05/23/2023 22:00,0.66103,0.66134,0.66095,0.66124,2.1,0.03
05/23/2023 21:00,0.66083,0.66114,0.66076,0.66103,2,0.03
05/23/2023 20:00,0.66078,0.66103,0.66071,0.6609,1.2,0.02
05/23/2023 19:00,0.66113,0.66115,0.66075,0.6608,-3.3,-0.05
05/23/2023 18:00,0.66143,0.66151,0.66081,0.66114,-2.9,-0.04
05/23/2023 17:00,0.66141,0.66191,0.66123,0.66137,-0.4,-0.01
05/23/2023 16:00,0.66212,0.66214,0.66129,0.66142,-7,-0.11
05/23/2023 15:00,0.66199,0.66265,0.66152,0.66215,1.6,0.02
05/23/2023 14:00,0.66228,0.66305,0.66164,0.66199,-2.9,-0.04
05/23/2023 13:00,0.66125,0.66251,0.66119,0.6623,10.5,0.16
05/23/2023 12:00,0.66159,0.66204,0.66104,0.66121,-3.8,-0.06
05/23/2023 11:00,0.66196,0.66252,0.6616,0.6616,-3.6,-0.05
05/23/2023 10:00,0.66193,0.66229,0.66136,0.66195,0.2,0
05/23/2023 09:00,0.66296,0.66317,0.66192,0.66194,-10.2,-0.15
05/23/2023 08:00,0.66278,0.66348,0.66206,0.66292,1.4,0.02
05/23/2023 07:00,0.66472,0.66476,0.66259,0.66278,-19.4,-0.29
05/23/2023 06:00,0.66492,0.666,0.6644,0.66475,-1.7,-0.03
05/23/2023 05:00,0.66515,0.66522,0.66423,0.6649,-2.5,-0.04
05/23/2023 04:00,0.66551,0.66566,0.66504,0.66517,-3.4,-0.05
05/23/2023 03:00,0.66542,0.66576,0.66469,0.66553,1.1,0.02
05/23/2023 02:00,0.66495,0.66564,0.66406,0.66542,4.7,0.07
05/23/2023 01:00,0.66573,0.66609,0.66495,0.66497,-7.6,-0.11
05/23/2023 00:00,0.66487,0.66619,0.66487,0.66576,8.9,0.13
05/22/2023 23:00,0.66496,0.66506,0.66481,0.66484,-1.2,-0.02
05/22/2023 22:00,0.66499,0.66526,0.66495,0.66499,0,0
05/22/2023 21:00,0.66436,0.66534,0.66436,0.66493,5.7,0.09
05/22/2023 20:00,0.66483,0.66522,0.66483,0.66513,3,0.05
05/22/2023 19:00,0.66521,0.66526,0.66463,0.66483,-3.8,-0.06
05/22/2023 18:00,0.6649,0.66554,0.6649,0.66521,3.1,0.05
05/22/2023 17:00,0.6648,0.66525,0.66458,0.66495,1.5,0.02
05/22/2023 16:00,0.6643,0.66483,0.66411,0.66476,4.6,0.07
05/22/2023 15:00,0.66426,0.66468,0.66378,0.66432,0.6,0.01
05/22/2023 14:00,0.66402,0.66525,0.66375,0.66425,2.3,0.03
05/22/2023 13:00,0.66409,0.66477,0.66348,0.66402,-0.7,-0.01
05/22/2023 12:00,0.66413,0.66467,0.66355,0.66407,-0.6,-0.01
05/22/2023 11:00,0.66419,0.66434,0.66333,0.66417,-0.2,0
05/22/2023 10:00,0.66435,0.66521,0.66404,0.66418,-1.7,-0.03
05/22/2023 09:00,0.6641,0.66493,0.66391,0.66434,2.4,0.04
05/22/2023 08:00,0.66337,0.66414,0.66278,0.66408,7.1,0.11
05/22/2023 07:00,0.66342,0.66401,0.6629,0.66341,-0.1,0
05/22/2023 06:00,0.66389,0.66414,0.66275,0.66342,-4.7,-0.07
05/22/2023 05:00,0.66491,0.66516,0.66387,0.66391,-10,-0.15
05/22/2023 04:00,0.665,0.66549,0.66484,0.66494,-0.6,-0.01
05/22/2023 03:00,0.66513,0.66546,0.66433,0.66502,-1.1,-0.02
05/22/2023 02:00,0.66531,0.66581,0.6646,0.66514,-1.7,-0.03
05/22/2023 01:00,0.6663,0.66677,0.66448,0.66527,-10.3,-0.15
05/22/2023 00:00,0.66587,0.66647,0.66549,0.6663,4.3,0.06
05/21/2023 23:00,0.66491,0.6659,0.6649,0.66588,9.7,0.15
05/21/2023 22:00,0.66492,0.66545,0.66475,0.66492,0,0
05/21/2023 21:00,0.66432,0.66492,0.66432,0.66467,3.5,0.05
05/19/2023 20:00,0.66507,0.66521,0.6647,0.66499,-0.8,-0.01
05/19/2023 19:00,0.6652,0.6652,0.66448,0.66509,-1.1,-0.02
05/19/2023 18:00,0.66563,0.66571,0.66491,0.66516,-4.7,-0.07
05/19/2023 17:00,0.66665,0.66685,0.66565,0.66567,-9.8,-0.15
05/19/2023 16:00,0.66596,0.66706,0.66552,0.66663,6.7,0.1
05/19/2023 15:00,0.66566,0.66752,0.66478,0.66599,3.3,0.05
05/19/2023 14:00,0.66598,0.66624,0.665,0.66569,-2.9,-0.04
05/19/2023 13:00,0.66607,0.66637,0.6652,0.66597,-1,-0.02
05/19/2023 12:00,0.66588,0.66718,0.66571,0.66609,2.1,0.03
05/19/2023 11:00,0.66512,0.66589,0.66465,0.66585,7.3,0.11
05/19/2023 10:00,0.66582,0.66585,0.66478,0.66515,-6.7,-0.1
05/19/2023 09:00,0.66508,0.66635,0.66492,0.66579,7.1,0.11
05/19/2023 08:00,0.66502,0.6657,0.66429,0.66511,0.9,0.01
05/19/2023 07:00,0.66454,0.66532,0.6645,0.66503,4.9,0.07
05/19/2023 06:00,0.6635,0.66539,0.663,0.66455,10.5,0.16
05/19/2023 05:00,0.6634,0.66407,0.66324,0.66351,1.1,0.02
05/19/2023 04:00,0.66374,0.66382,0.66322,0.66341,-3.3,-0.05
05/19/2023 03:00,0.66383,0.66414,0.66343,0.66372,-1.1,-0.02
05/19/2023 02:00,0.66209,0.66406,0.66167,0.66384,17.5,0.26
05/19/2023 01:00,0.66297,0.66341,0.6617,0.66208,-8.9,-0.13
05/19/2023 00:00,0.66271,0.66357,0.66251,0.66299,2.8,0.04
05/18/2023 23:00,0.66286,0.66302,0.66243,0.66271,-1.5,-0.02
05/18/2023 22:00,0.66212,0.66306,0.66212,0.66289,7.7,0.12
05/18/2023 21:00,0.66186,0.6624,0.66057,0.66215,2.9,0.04
05/18/2023 20:00,0.6625,0.66256,0.66214,0.66214,-3.6,-0.05
05/18/2023 19:00,0.66144,0.6625,0.66141,0.66248,10.4,0.16
05/18/2023 18:00,0.661,0.66165,0.66084,0.66142,4.2,0.06
05/18/2023 17:00,0.66089,0.66126,0.6607,0.66099,1,0.02
05/18/2023 16:00,0.6617,0.66191,0.6607,0.66087,-8.3,-0.13
05/18/2023 15:00,0.66105,0.66198,0.66049,0.66172,6.7,0.1
05/18/2023 14:00,0.66107,0.66176,0.66052,0.66108,0.1,0
05/18/2023 13:00,0.6621,0.66245,0.6606,0.661,-11,-0.17
05/18/2023 12:00,0.66392,0.66443,0.66202,0.66209,-18.3,-0.28
05/18/2023 11:00,0.66447,0.66462,0.66359,0.66394,-5.3,-0.08
05/18/2023 10:00,0.66357,0.66445,0.66351,0.66441,8.4,0.13
05/18/2023 09:00,0.66323,0.66386,0.66305,0.6636,3.7,0.06
05/18/2023 08:00,0.66362,0.66422,0.66295,0.66323,-3.9,-0.06
05/18/2023 07:00,0.66376,0.66483,0.66326,0.66358,-1.8,-0.03
05/18/2023 06:00,0.66456,0.66568,0.66349,0.66377,-7.9,-0.12
05/18/2023 05:00,0.66511,0.6652,0.66425,0.66461,-5,-0.08
05/18/2023 04:00,0.66504,0.66518,0.66438,0.66511,0.7,0.01
05/18/2023 03:00,0.66531,0.66582,0.66477,0.66501,-3,-0.05
05/18/2023 02:00,0.66446,0.66542,0.66406,0.6653,8.4,0.13
05/18/2023 01:00,0.66558,0.66663,0.66285,0.66442,-11.6,-0.17
05/18/2023 00:00,0.66559,0.66679,0.66556,0.66564,0.5,0.01
05/17/2023 23:00,0.66597,0.66597,0.66546,0.66556,-4.1,-0.06
05/17/2023 22:00,0.66613,0.66624,0.66589,0.66599,-1.4,-0.02
05/17/2023 21:00,0.66587,0.66646,0.66579,0.66611,2.4,0.04
05/17/2023 20:00,0.66625,0.66625,0.66586,0.66589,-3.6,-0.05
05/17/2023 19:00,0.66594,0.66642,0.66587,0.66625,3.1,0.05
05/17/2023 18:00,0.66714,0.66716,0.66594,0.66596,-11.8,-0.18
05/17/2023 17:00,0.66682,0.66736,0.66647,0.66717,3.5,0.05
05/17/2023 16:00,0.66501,0.66696,0.66501,0.66676,17.5,0.26
05/17/2023 15:00,0.66419,0.66581,0.66403,0.66506,8.7,0.13
05/17/2023 14:00,0.66498,0.66598,0.66397,0.66414,-8.4,-0.13
05/17/2023 13:00,0.66571,0.66697,0.66492,0.66497,-7.4,-0.11
05/17/2023 12:00,0.66568,0.66612,0.66464,0.66571,0.3,0
05/17/2023 11:00,0.66515,0.66644,0.66487,0.66569,5.4,0.08
05/17/2023 10:00,0.66508,0.66549,0.66484,0.66515,0.7,0.01
05/17/2023 09:00,0.66389,0.66527,0.66357,0.66506,11.7,0.18
05/17/2023 08:00,0.66298,0.66473,0.66296,0.6639,9.2,0.14
05/17/2023 07:00,0.66409,0.66524,0.6629,0.66296,-11.3,-0.17
05/17/2023 06:00,0.66393,0.66445,0.66339,0.66409,1.6,0.02
05/17/2023 05:00,0.66519,0.66519,0.66366,0.66392,-12.7,-0.19
05/17/2023 04:00,0.66598,0.66604,0.66502,0.66518,-8,-0.12
05/17/2023 03:00,0.66683,0.6669,0.66575,0.66597,-8.6,-0.13
05/17/2023 02:00,0.66567,0.66712,0.66562,0.66687,12,0.18
05/17/2023 01:00,0.66583,0.66614,0.66448,0.66566,-1.7,-0.03
05/17/2023 00:00,0.66579,0.66613,0.66554,0.66583,0.4,0.01
05/16/2023 23:00,0.66557,0.66582,0.66523,0.66575,1.8,0.03
05/16/2023 22:00,0.6656,0.66564,0.66527,0.6656,0,0
05/16/2023 21:00,0.66546,0.66566,0.66531,0.66563,1.7,0.03
05/16/2023 20:00,0.66536,0.66565,0.66526,0.66554,1.8,0.03
05/16/2023 19:00,0.66592,0.66607,0.66525,0.66536,-5.6,-0.08
05/16/2023 18:00,0.66591,0.66603,0.66553,0.66588,-0.3,0
05/16/2023 17:00,0.66568,0.66603,0.66545,0.6659,2.2,0.03
05/16/2023 16:00,0.66616,0.66633,0.66527,0.66569,-4.7,-0.07
05/16/2023 15:00,0.66631,0.66649,0.66515,0.66618,-1.3,-0.02
05/16/2023 14:00,0.66766,0.6678,0.66607,0.66631,-13.5,-0.2
05/16/2023 13:00,0.66771,0.66925,0.66694,0.66765,-0.6,-0.01
05/16/2023 12:00,0.66725,0.66806,0.66656,0.66772,4.7,0.07
05/16/2023 11:00,0.66837,0.66862,0.66703,0.66724,-11.3,-0.17
05/16/2023 10:00,0.66892,0.66933,0.66825,0.66835,-5.7,-0.09
05/16/2023 09:00,0.66886,0.66961,0.66866,0.66891,0.5,0.01
05/16/2023 08:00,0.66885,0.6692,0.66844,0.6689,0.5,0.01
05/16/2023 07:00,0.66745,0.66927,0.6673,0.66884,13.9,0.21
05/16/2023 06:00,0.66728,0.66759,0.6665,0.6674,1.2,0.02
05/16/2023 05:00,0.66934,0.66934,0.66724,0.66726,-20.8,-0.31
05/16/2023 04:00,0.66949,0.66951,0.66894,0.66936,-1.3,-0.02
05/16/2023 03:00,0.66906,0.6697,0.66878,0.66949,4.3,0.06
05/16/2023 02:00,0.67021,0.67027,0.66799,0.66903,-11.8,-0.18
05/16/2023 01:00,0.67066,0.67075,0.6696,0.67026,-4,-0.06
05/16/2023 00:00,0.67018,0.67096,0.67005,0.67064,4.6,0.07
05/15/2023 23:00,0.67032,0.67036,0.67003,0.67018,-1.4,-0.02
05/15/2023 22:00,0.6699,0.67043,0.6699,0.67033,4.3,0.06
05/15/2023 21:00,0.66957,0.66994,0.66884,0.66988,3.1,0.05
05/15/2023 20:00,0.67017,0.67034,0.66988,0.66996,-2.1,-0.03
05/15/2023 19:00,0.67002,0.67019,0.66989,0.67018,1.6,0.02
05/15/2023 18:00,0.67023,0.67034,0.66985,0.67001,-2.2,-0.03
05/15/2023 17:00,0.67079,0.67081,0.66987,0.67025,-5.4,-0.08
05/15/2023 16:00,0.66972,0.67088,0.66964,0.67079,10.7,0.16
05/15/2023 15:00,0.66862,0.66983,0.66857,0.66969,10.7,0.16
05/15/2023 14:00,0.66845,0.66888,0.66754,0.66862,1.7,0.03
05/15/2023 13:00,0.66867,0.6689,0.66803,0.66846,-2.1,-0.03
05/15/2023 12:00,0.66896,0.66922,0.66843,0.66872,-2.4,-0.04
05/15/2023 11:00,0.66872,0.66911,0.66847,0.66896,2.4,0.04
05/15/2023 10:00,0.66816,0.66882,0.66775,0.66873,5.7,0.09
05/15/2023 09:00,0.66838,0.66839,0.66777,0.66815,-2.3,-0.03
05/15/2023 08:00,0.66911,0.66932,0.66814,0.6684,-7.1,-0.11
05/15/2023 07:00,0.66885,0.66935,0.66802,0.66914,2.9,0.04
05/15/2023 06:00,0.6681,0.66891,0.66738,0.66886,7.6,0.11
05/15/2023 05:00,0.66668,0.66832,0.66664,0.66807,13.9,0.21
05/15/2023 04:00,0.66614,0.66679,0.66589,0.6667,5.6,0.08
05/15/2023 03:00,0.66546,0.66628,0.66539,0.66613,6.7,0.1
05/15/2023 02:00,0.66654,0.66655,0.66549,0.66549,-10.5,-0.16
05/15/2023 01:00,0.66517,0.66655,0.66495,0.66651,13.4,0.2
05/15/2023 00:00,0.66467,0.66533,0.66419,0.66515,4.8,0.07
05/14/2023 23:00,0.66432,0.66474,0.66417,0.66468,3.6,0.05
05/14/2023 22:00,0.6647,0.66474,0.66417,0.66435,-3.5,-0.05
05/14/2023 21:00,0.6645,0.66481,0.66435,0.66473,2.3,0.03
05-12-2023 20:00,0.6647,0.66472,0.66416,0.66418,-5.2,-0.08
05-12-2023 19:00,0.66402,0.66466,0.66391,0.66464,6.2,0.09
05-12-2023 18:00,0.66426,0.6643,0.66367,0.66407,-1.9,-0.03
05-12-2023 17:00,0.66437,0.66499,0.66415,0.66421,-1.6,-0.02
05-12-2023 16:00,0.66483,0.66489,0.664,0.6644,-4.3,-0.06
05-12-2023 15:00,0.66518,0.66595,0.66416,0.66484,-3.4,-0.05
05-12-2023 14:00,0.66803,0.66858,0.66484,0.66519,-28.4,-0.43
05-12-2023 13:00,0.66773,0.66894,0.66768,0.66841,6.8,0.1
05-12-2023 12:00,0.66825,0.66825,0.66734,0.66777,-4.8,-0.07
05-12-2023 11:00,0.6686,0.66887,0.66803,0.66824,-3.6,-0.05
05-12-2023 10:00,0.66861,0.66922,0.66836,0.6686,-0.1,0
05-12-2023 09:00,0.66919,0.66961,0.66843,0.66862,-5.7,-0.09
05-12-2023 08:00,0.66855,0.66927,0.66828,0.66914,5.9,0.09
05-12-2023 07:00,0.66946,0.67044,0.6685,0.66856,-9,-0.13
05-12-2023 06:00,0.66932,0.66969,0.66873,0.66948,1.6,0.02
05-12-2023 05:00,0.66977,0.67012,0.66921,0.66933,-4.4,-0.07
05-12-2023 04:00,0.66916,0.66988,0.66908,0.66981,6.5,0.1
05-12-2023 03:00,0.66997,0.66997,0.66854,0.66914,-8.3,-0.12
05-12-2023 02:00,0.66985,0.67,0.66941,0.66993,0.8,0.01
05-12-2023 01:00,0.67035,0.67048,0.66964,0.66986,-4.9,-0.07
05-12-2023 00:00,0.66996,0.67065,0.66995,0.67038,4.2,0.06
05-11-2023 23:00,0.6701,0.67018,0.66981,0.66993,-1.7,-0.03
05-11-2023 22:00,0.67014,0.67038,0.66998,0.67012,-0.2,0
05-11-2023 21:00,0.66978,0.67028,0.66978,0.67013,3.5,0.05
05-11-2023 20:00,0.67013,0.67021,0.66983,0.6702,0.7,0.01
05-11-2023 19:00,0.67,0.6702,0.66977,0.67016,1.6,0.02
05-11-2023 18:00,0.6692,0.66998,0.66909,0.66997,7.7,0.11
05-11-2023 17:00,0.66985,0.67008,0.66889,0.66918,-6.7,-0.1
05-11-2023 16:00,0.66927,0.67019,0.66903,0.66988,6.1,0.09
05-11-2023 15:00,0.67021,0.67029,0.66892,0.66927,-9.4,-0.14
05-11-2023 14:00,0.67011,0.67073,0.66892,0.67016,0.5,0.01
05-11-2023 13:00,0.6733,0.6733,0.66996,0.67013,-31.7,-0.47
05-11-2023 12:00,0.67328,0.67529,0.67304,0.67331,0.3,0
05-11-2023 11:00,0.67369,0.67412,0.67297,0.67331,-3.8,-0.06
05-11-2023 10:00,0.67387,0.67428,0.67355,0.67374,-1.3,-0.02
05-11-2023 09:00,0.67347,0.67416,0.67329,0.67386,3.9,0.06
05-11-2023 08:00,0.67352,0.6737,0.67222,0.67339,-1.3,-0.02
05-11-2023 07:00,0.6744,0.67464,0.67294,0.67354,-8.6,-0.13
05-11-2023 06:00,0.67754,0.67759,0.67436,0.67441,-31.3,-0.46
05-11-2023 05:00,0.67761,0.67802,0.67729,0.67754,-0.7,-0.01
05-11-2023 04:00,0.6772,0.67799,0.67702,0.67759,3.9,0.06
05-11-2023 03:00,0.67721,0.67775,0.67708,0.67721,0,0
05-11-2023 02:00,0.67774,0.67791,0.67672,0.6772,-5.4,-0.08
05-11-2023 01:00,0.67889,0.67964,0.67758,0.67775,-11.4,-0.17
05-11-2023 00:00,0.67809,0.67909,0.67809,0.67886,7.7,0.11
05-10-2023 23:00,0.67804,0.67838,0.67795,0.67812,0.8,0.01
05-10-2023 22:00,0.67764,0.67801,0.67764,0.67799,3.5,0.05
05-10-2023 21:00,0.67737,0.67773,0.67714,0.67768,3.1,0.05
05-10-2023 20:00,0.67762,0.67795,0.6776,0.67791,2.9,0.04
05-10-2023 19:00,0.67704,0.67799,0.67693,0.67759,5.5,0.08
05-10-2023 18:00,0.67554,0.67749,0.67554,0.67707,15.3,0.23
05-10-2023 17:00,0.67642,0.67663,0.6746,0.67552,-9,-0.13
05-10-2023 16:00,0.67617,0.67676,0.67584,0.67644,2.7,0.04
05-10-2023 15:00,0.67589,0.6766,0.67579,0.67614,2.5,0.04
05-10-2023 14:00,0.67782,0.67845,0.67538,0.6759,-19.2,-0.28
05-10-2023 13:00,0.68144,0.68176,0.67686,0.67782,-36.2,-0.53
05-10-2023 12:00,0.67514,0.68181,0.67443,0.68147,63.3,0.93
05-10-2023 11:00,0.67532,0.67532,0.67482,0.67515,-1.7,-0.03
05-10-2023 10:00,0.67555,0.67586,0.67514,0.67531,-2.4,-0.04
05-10-2023 09:00,0.67522,0.67578,0.6749,0.67553,3.1,0.05
05-10-2023 08:00,0.67586,0.67586,0.67498,0.67526,-6,-0.09
05-10-2023 07:00,0.67672,0.67743,0.67582,0.67587,-8.5,-0.13
05-10-2023 06:00,0.67635,0.67671,0.6761,0.67667,3.2,0.05
05-10-2023 05:00,0.67665,0.67687,0.67572,0.6764,-2.5,-0.04
05-10-2023 04:00,0.67686,0.67687,0.67643,0.67664,-2.2,-0.03
05-10-2023 03:00,0.67647,0.67695,0.67647,0.67686,3.9,0.06
05-10-2023 02:00,0.67638,0.67665,0.67614,0.67647,0.9,0.01
05-10-2023 01:00,0.67637,0.67692,0.6762,0.67642,0.5,0.01
05-10-2023 00:00,0.67665,0.67703,0.67623,0.67634,-3.1,-0.05
05-09-2023 23:00,0.67632,0.67673,0.67629,0.67668,3.6,0.05
05-09-2023 22:00,0.67597,0.67641,0.67588,0.67627,3,0.04
05-09-2023 21:00,0.67583,0.67626,0.67559,0.67596,1.3,0.02
05-09-2023 20:00,0.6761,0.67635,0.6761,0.67624,1.4,0.02
05-09-2023 19:00,0.67641,0.67647,0.676,0.6761,-3.1,-0.05
05-09-2023 18:00,0.67616,0.67662,0.67615,0.6764,2.4,0.04
05-09-2023 17:00,0.67534,0.67626,0.67532,0.67619,8.5,0.13
05-09-2023 16:00,0.675,0.67576,0.67471,0.6753,3,0.04
05-09-2023 15:00,0.67555,0.67566,0.67484,0.67505,-5,-0.07
05-09-2023 14:00,0.67631,0.67645,0.67465,0.67552,-7.9,-0.12
05-09-2023 13:00,0.67519,0.67636,0.67465,0.67631,11.2,0.17
05-09-2023 12:00,0.67575,0.67625,0.67514,0.67522,-5.3,-0.08
05-09-2023 11:00,0.6764,0.67681,0.67563,0.67574,-6.6,-0.1
05-09-2023 10:00,0.6763,0.67654,0.67619,0.6764,1,0.01
05-09-2023 09:00,0.67571,0.67637,0.67554,0.67627,5.6,0.08
05-09-2023 08:00,0.67585,0.67622,0.67561,0.67571,-1.4,-0.02
05-09-2023 07:00,0.67687,0.67701,0.67577,0.67587,-10,-0.15
05-09-2023 06:00,0.67774,0.67775,0.67678,0.67683,-9.1,-0.13
05-09-2023 05:00,0.67829,0.67857,0.67772,0.67782,-4.7,-0.07
05-09-2023 04:00,0.67845,0.67868,0.67805,0.67828,-1.7,-0.03
05-09-2023 03:00,0.67801,0.67851,0.67762,0.67847,4.6,0.07
05-09-2023 02:00,0.67757,0.67833,0.67743,0.67797,4,0.06
05-09-2023 01:00,0.67753,0.67822,0.67701,0.67758,0.5,0.01
05-09-2023 00:00,0.67807,0.67818,0.67753,0.67754,-5.3,-0.08
05-08-2023 23:00,0.67812,0.67832,0.67778,0.67809,-0.3,0
05-08-2023 22:00,0.67797,0.67825,0.67795,0.67806,0.9,0.01
05-08-2023 21:00,0.67786,0.67804,0.6778,0.67798,1.2,0.02
05-08-2023 20:00,0.67807,0.67829,0.67802,0.67809,0.2,0
05-08-2023 19:00,0.67864,0.67866,0.67799,0.67805,-5.9,-0.09
05-08-2023 18:00,0.67868,0.67868,0.67763,0.67859,-0.9,-0.01
05-08-2023 17:00,0.67896,0.67898,0.67859,0.67871,-2.5,-0.04
05-08-2023 16:00,0.67911,0.67932,0.67878,0.67895,-1.6,-0.02
05-08-2023 15:00,0.67911,0.67935,0.67867,0.67908,-0.3,0
05-08-2023 14:00,0.68007,0.68018,0.67903,0.67912,-9.5,-0.14
05-08-2023 13:00,0.67944,0.68035,0.67943,0.68003,5.9,0.09
05-08-2023 12:00,0.67881,0.67964,0.67861,0.67943,6.2,0.09
05-08-2023 11:00,0.67938,0.67964,0.67872,0.67883,-5.5,-0.08
05-08-2023 10:00,0.67877,0.67947,0.67876,0.67941,6.4,0.09
05-08-2023 09:00,0.67853,0.67889,0.67825,0.67875,2.2,0.03
05-08-2023 08:00,0.67824,0.67905,0.678,0.6785,2.6,0.04
05-08-2023 07:00,0.67858,0.67894,0.67804,0.67824,-3.4,-0.05
05-08-2023 06:00,0.67742,0.67881,0.67734,0.67857,11.5,0.17
05-08-2023 05:00,0.67737,0.67777,0.67709,0.67745,0.8,0.01
05-08-2023 04:00,0.67691,0.67752,0.6769,0.67737,4.6,0.07
05-08-2023 03:00,0.67628,0.67702,0.67628,0.6769,6.2,0.09
05-08-2023 02:00,0.67515,0.67649,0.67497,0.67631,11.6,0.17
05-08-2023 01:00,0.67443,0.67549,0.67402,0.67514,7.1,0.11
05-08-2023 00:00,0.6747,0.67535,0.67417,0.67441,-2.9,-0.04
05-07-2023 23:00,0.6752,0.67552,0.67471,0.67473,-4.7,-0.07
05-07-2023 22:00,0.67497,0.67558,0.67496,0.67519,2.2,0.03
05-07-2023 21:00,0.67417,0.67527,0.67417,0.675,8.3,0.12
05-05-2023 20:00,0.67493,0.67538,0.67488,0.67536,4.3,0.06
05-05-2023 19:00,0.6755,0.6755,0.67485,0.67496,-5.4,-0.08
05-05-2023 18:00,0.67471,0.67572,0.67469,0.6755,7.9,0.12
05-05-2023 17:00,0.67534,0.67566,0.67465,0.67472,-6.2,-0.09
05-05-2023 16:00,0.67462,0.67546,0.67447,0.67533,7.1,0.11
05-05-2023 15:00,0.67428,0.67487,0.67416,0.67458,3,0.04
05-05-2023 14:00,0.67326,0.67469,0.67268,0.6743,10.4,0.15
05-05-2023 13:00,0.67055,0.67336,0.67046,0.67322,26.7,0.4
05-05-2023 12:00,0.67231,0.67248,0.66872,0.67049,-18.2,-0.27
05-05-2023 11:00,0.673,0.67342,0.67215,0.67231,-6.9,-0.1
05-05-2023 10:00,0.67282,0.67329,0.67268,0.67302,2,0.03
05-05-2023 09:00,0.67293,0.67294,0.67226,0.67278,-1.5,-0.02
05-05-2023 08:00,0.67312,0.67323,0.67236,0.67293,-1.9,-0.03
05-05-2023 07:00,0.67431,0.67441,0.67306,0.67315,-11.6,-0.17
05-05-2023 06:00,0.67351,0.67439,0.67312,0.67432,8.1,0.12
05-05-2023 05:00,0.67357,0.67419,0.67336,0.67348,-0.9,-0.01
05-05-2023 04:00,0.67355,0.67372,0.67315,0.67357,0.2,0
05-05-2023 03:00,0.67213,0.67363,0.67212,0.67354,14.1,0.21
05-05-2023 02:00,0.67118,0.67224,0.67056,0.67213,9.5,0.14
05-05-2023 01:00,0.67053,0.67163,0.67041,0.67119,6.6,0.1
05-05-2023 00:00,0.66965,0.67061,0.66949,0.67055,9,0.13
05-04-2023 23:00,0.66989,0.67029,0.66953,0.66961,-2.8,-0.04
05-04-2023 22:00,0.66921,0.66991,0.6692,0.66987,6.6,0.1
05-04-2023 21:00,0.6692,0.66931,0.66918,0.66922,0.2,0
05-04-2023 20:00,0.6691,0.66939,0.66904,0.66935,2.5,0.04
05-04-2023 19:00,0.66962,0.66982,0.66904,0.66907,-5.5,-0.08
05-04-2023 18:00,0.67044,0.67047,0.66924,0.66959,-8.5,-0.13
05-04-2023 17:00,0.66996,0.67063,0.66929,0.67044,4.8,0.07
05-04-2023 16:00,0.66755,0.67005,0.66754,0.66995,24,0.36
05-04-2023 15:00,0.66697,0.66799,0.66625,0.66754,5.7,0.09
05-04-2023 14:00,0.66725,0.66768,0.66594,0.66699,-2.6,-0.04
05-04-2023 13:00,0.66671,0.6677,0.66546,0.66726,5.5,0.08
05-04-2023 12:00,0.66791,0.66811,0.66655,0.66672,-11.9,-0.18
05-04-2023 11:00,0.66729,0.66824,0.66717,0.66787,5.8,0.09
05-04-2023 10:00,0.66731,0.66822,0.66704,0.66727,-0.4,-0.01
05-04-2023 09:00,0.66598,0.66765,0.66588,0.66736,13.8,0.21
05-04-2023 08:00,0.66733,0.66739,0.66593,0.66597,-13.6,-0.2
05-04-2023 07:00,0.66756,0.66779,0.66654,0.66733,-2.3,-0.03
05-04-2023 06:00,0.66913,0.66917,0.66687,0.66756,-15.7,-0.24
05-04-2023 05:00,0.66917,0.66993,0.6688,0.6691,-0.7,-0.01
05-04-2023 04:00,0.66869,0.66969,0.66823,0.66922,5.3,0.08
05-04-2023 03:00,0.6691,0.66932,0.66841,0.66869,-4.1,-0.06
05-04-2023 02:00,0.6673,0.66941,0.66714,0.66913,18.3,0.27
05-04-2023 01:00,0.66503,0.66742,0.66471,0.66728,22.5,0.34
05-04-2023 00:00,0.66418,0.66613,0.66404,0.66503,8.5,0.13
05-03-2023 23:00,0.66477,0.66477,0.66409,0.66418,-5.9,-0.09
05-03-2023 22:00,0.66713,0.66728,0.66458,0.66477,-23.6,-0.36
05-03-2023 21:00,0.66654,0.66733,0.66649,0.66714,6,0.09
05-03-2023 20:00,0.6669,0.66764,0.66682,0.66732,4.2,0.06
05-03-2023 19:00,0.66861,0.66861,0.66626,0.66691,-17,-0.25
05-03-2023 18:00,0.66742,0.67036,0.66671,0.66862,12,0.18
05-03-2023 17:00,0.66807,0.66861,0.66746,0.66746,-6.1,-0.09
05-03-2023 16:00,0.66741,0.66825,0.66734,0.66807,6.6,0.1
05-03-2023 15:00,0.66714,0.6676,0.66692,0.6674,2.6,0.04
05-03-2023 14:00,0.6659,0.66768,0.66589,0.66718,12.8,0.19
05-03-2023 13:00,0.66556,0.66669,0.6653,0.66593,3.7,0.06
05-03-2023 12:00,0.66642,0.66694,0.66493,0.66553,-8.9,-0.13
05-03-2023 11:00,0.6663,0.66718,0.66606,0.66639,0.9,0.01
05-03-2023 10:00,0.66606,0.66658,0.66561,0.66633,2.7,0.04
05-03-2023 09:00,0.66609,0.66623,0.66542,0.66606,-0.3,0
05-03-2023 08:00,0.66611,0.66652,0.6655,0.66605,-0.6,-0.01
05-03-2023 07:00,0.66658,0.66711,0.66572,0.66614,-4.4,-0.07
05-03-2023 06:00,0.66643,0.66695,0.66614,0.6666,1.7,0.03
05-03-2023 05:00,0.66647,0.66708,0.66612,0.66644,-0.3,0
05-03-2023 04:00,0.66684,0.66694,0.66633,0.66644,-4,-0.06
05-03-2023 03:00,0.66714,0.66739,0.66644,0.66683,-3.1,-0.05
05-03-2023 02:00,0.66702,0.66764,0.66678,0.66716,1.4,0.02
05-03-2023 01:00,0.66681,0.66713,0.66631,0.66699,1.8,0.03
05-03-2023 00:00,0.66708,0.66719,0.66552,0.66683,-2.5,-0.04
05-02-2023 23:00,0.66634,0.66731,0.66618,0.66706,7.2,0.11
05-02-2023 22:00,0.66621,0.66657,0.66578,0.66633,1.2,0.02
05-02-2023 21:00,0.666,0.66641,0.666,0.66631,3.1,0.05
05-02-2023 20:00,0.66668,0.66672,0.66626,0.66629,-3.9,-0.06
05-02-2023 19:00,0.66628,0.66676,0.66628,0.66664,3.6,0.05
05-02-2023 18:00,0.66665,0.66666,0.66607,0.66628,-3.7,-0.06
05-02-2023 17:00,0.66705,0.66731,0.66666,0.66666,-3.9,-0.06
05-02-2023 16:00,0.66688,0.66709,0.66645,0.66705,1.7,0.03
05-02-2023 15:00,0.66618,0.66698,0.66579,0.66693,7.5,0.11
05-02-2023 14:00,0.66806,0.66932,0.66577,0.66611,-19.5,-0.29
05-02-2023 13:00,0.66848,0.66895,0.66798,0.66807,-4.1,-0.06
05-02-2023 12:00,0.67012,0.67013,0.66853,0.66853,-15.9,-0.24
05-02-2023 11:00,0.66862,0.67046,0.66859,0.6701,14.8,0.22
05-02-2023 10:00,0.66875,0.66912,0.66832,0.66861,-1.4,-0.02
05-02-2023 09:00,0.66948,0.67002,0.66871,0.66879,-6.9,-0.1
05-02-2023 08:00,0.67012,0.67018,0.66897,0.66942,-7,-0.1
05-02-2023 07:00,0.67116,0.67155,0.67003,0.67013,-10.3,-0.15
05-02-2023 06:00,0.6703,0.6717,0.66943,0.67117,8.7,0.13
05-02-2023 05:00,0.6694,0.671,0.6694,0.67038,9.8,0.15
05-02-2023 04:00,0.66296,0.66984,0.66262,0.6694,64.4,0.96
05-02-2023 03:00,0.66333,0.66349,0.66284,0.66294,-3.9,-0.06
05-02-2023 02:00,0.66339,0.66349,0.66291,0.66333,-0.6,-0.01
05-02-2023 01:00,0.6622,0.66417,0.66215,0.66338,11.8,0.18
05-02-2023 00:00,0.66225,0.66326,0.66206,0.66219,-0.6,-0.01
05-01-2023 23:00,0.66287,0.66304,0.66222,0.66227,-6,-0.09
05-01-2023 22:00,0.66274,0.66312,0.66271,0.66283,0.9,0.01
05-01-2023 21:00,0.66264,0.66299,0.66243,0.66277,1.3,0.02
05-01-2023 20:00,0.66281,0.66307,0.66279,0.663,1.9,0.03
05-01-2023 19:00,0.66304,0.66304,0.66248,0.66287,-1.7,-0.03
05-01-2023 18:00,0.66361,0.66372,0.66274,0.66304,-5.7,-0.09
05-01-2023 17:00,0.66359,0.66374,0.66313,0.66358,-0.1,0
05-01-2023 16:00,0.6635,0.66382,0.66311,0.66358,0.8,0.01
05-01-2023 15:00,0.66482,0.66492,0.6631,0.66351,-13.1,-0.2
05-01-2023 14:00,0.66513,0.66573,0.66441,0.66479,-3.4,-0.05
05-01-2023 13:00,0.66606,0.66681,0.66571,0.66607,0.1,0
05-01-2023 12:00,0.66353,0.66611,0.66338,0.66605,25.2,0.38
05-01-2023 11:00,0.66413,0.66428,0.66335,0.66357,-5.6,-0.08
05-01-2023 10:00,0.66376,0.66418,0.66357,0.6641,3.4,0.05
05-01-2023 09:00,0.66355,0.66403,0.66341,0.66377,2.2,0.03
05-01-2023 08:00,0.66383,0.66395,0.66328,0.66352,-3.1,-0.05
05-01-2023 07:00,0.66387,0.6645,0.66363,0.66387,0,0
05-01-2023 06:00,0.66401,0.66419,0.66339,0.66384,-1.7,-0.03
05-01-2023 05:00,0.66351,0.66413,0.66336,0.66402,5.1,0.08
05-01-2023 04:00,0.66348,0.66399,0.66321,0.66348,0,0
05-01-2023 03:00,0.66216,0.66367,0.6621,0.66353,13.7,0.21
05-01-2023 02:00,0.66187,0.66223,0.66134,0.66219,3.2,0.05
05-01-2023 01:00,0.66178,0.66234,0.66157,0.66185,0.7,0.01
05-01-2023 00:00,0.661,0.66202,0.66097,0.66176,7.6,0.11
04/30/2023 23:00,0.66144,0.66159,0.66104,0.66104,-4,-0.06
04/30/2023 22:00,0.66106,0.66149,0.66075,0.66143,3.7,0.06
04/30/2023 21:00,0.66106,0.6615,0.66091,0.66114,0.8,0.01
04/28/2023 20:00,0.66174,0.66193,0.66145,0.6615,-2.4,-0.04
04/28/2023 19:00,0.66145,0.66176,0.66119,0.66172,2.7,0.04
04/28/2023 18:00,0.66138,0.66168,0.66091,0.66141,0.3,0
04/28/2023 17:00,0.66167,0.66167,0.66119,0.66138,-2.9,-0.04
04/28/2023 16:00,0.66169,0.66182,0.66119,0.66173,0.4,0.01
04/28/2023 15:00,0.66075,0.66168,0.66015,0.66166,9.1,0.14
04/28/2023 14:00,0.65858,0.66093,0.6582,0.66076,21.8,0.33
04/28/2023 13:00,0.65865,0.65978,0.65819,0.65858,-0.7,-0.01
04/28/2023 12:00,0.65861,0.65924,0.65736,0.65863,0.2,0
04/28/2023 11:00,0.65831,0.65876,0.65802,0.65862,3.1,0.05
04/28/2023 10:00,0.65809,0.65934,0.65794,0.65831,2.2,0.03
04/28/2023 09:00,0.65833,0.65864,0.65793,0.65812,-2.1,-0.03
04/28/2023 08:00,0.65957,0.65976,0.6579,0.65831,-12.6,-0.19
04/28/2023 07:00,0.66039,0.6604,0.65841,0.65955,-8.4,-0.13
04/28/2023 06:00,0.66103,0.66141,0.66013,0.66037,-6.6,-0.1
04/28/2023 05:00,0.6615,0.66199,0.66067,0.66101,-4.9,-0.07
04/28/2023 04:00,0.66285,0.66304,0.66148,0.66151,-13.4,-0.2
04/28/2023 03:00,0.66293,0.66339,0.66259,0.66285,-0.8,-0.01
04/28/2023 02:00,0.66376,0.66377,0.6628,0.66295,-8.1,-0.12
04/28/2023 01:00,0.66347,0.66422,0.66317,0.66376,2.9,0.04
04/28/2023 00:00,0.66303,0.66362,0.66283,0.66349,4.6,0.07
04/27/2023 23:00,0.66269,0.66319,0.66258,0.66303,3.4,0.05
04/27/2023 22:00,0.66271,0.66305,0.66255,0.66268,-0.3,0
04/27/2023 21:00,0.66275,0.66277,0.66153,0.66267,-0.8,-0.01
04/27/2023 20:00,0.66287,0.66314,0.66279,0.66305,1.8,0.03
04/27/2023 19:00,0.66304,0.6633,0.66283,0.66288,-1.6,-0.02
04/27/2023 18:00,0.6626,0.66315,0.66229,0.66303,4.3,0.06
04/27/2023 17:00,0.66144,0.66311,0.66138,0.66259,11.5,0.17
04/27/2023 16:00,0.66127,0.66157,0.66113,0.66144,1.7,0.03
04/27/2023 15:00,0.66142,0.66236,0.66113,0.66126,-1.6,-0.02
04/27/2023 14:00,0.66079,0.66226,0.66069,0.66147,6.8,0.1
04/27/2023 13:00,0.66104,0.66151,0.65952,0.6608,-2.4,-0.04
04/27/2023 12:00,0.66182,0.66306,0.66031,0.66105,-7.7,-0.12
04/27/2023 11:00,0.66192,0.66237,0.66172,0.66187,-0.5,-0.01
04/27/2023 10:00,0.6609,0.66196,0.66082,0.66191,10.1,0.15
04/27/2023 09:00,0.66191,0.66205,0.66065,0.66091,-10,-0.15
04/27/2023 08:00,0.66198,0.66239,0.66144,0.66191,-0.7,-0.01
04/27/2023 07:00,0.6627,0.66293,0.66145,0.66195,-7.5,-0.11
04/27/2023 06:00,0.66287,0.66333,0.66221,0.66272,-1.5,-0.02
04/27/2023 05:00,0.66161,0.66356,0.66146,0.66291,13,0.2
04/27/2023 04:00,0.66068,0.66166,0.66067,0.66161,9.3,0.14
04/27/2023 03:00,0.66076,0.66101,0.6605,0.66067,-0.9,-0.01
04/27/2023 02:00,0.66079,0.66131,0.66035,0.66075,-0.4,-0.01
04/27/2023 01:00,0.66088,0.66094,0.65999,0.66082,-0.6,-0.01
04/27/2023 00:00,0.66079,0.66089,0.66005,0.66086,0.7,0.01
04/26/2023 23:00,0.66079,0.66111,0.6607,0.66077,-0.2,0
04/26/2023 22:00,0.66029,0.66087,0.66029,0.66082,5.3,0.08
04/26/2023 21:00,0.65982,0.66041,0.65963,0.66036,5.4,0.08
04/26/2023 20:00,0.65962,0.66042,0.65944,0.66029,6.7,0.1
04/26/2023 19:00,0.65926,0.66008,0.6592,0.65965,3.9,0.06
04/26/2023 18:00,0.66019,0.6602,0.65912,0.65924,-9.5,-0.14
04/26/2023 17:00,0.66077,0.66099,0.66015,0.66021,-5.6,-0.08
04/26/2023 16:00,0.66149,0.66153,0.66019,0.66074,-7.5,-0.11
04/26/2023 15:00,0.66073,0.6619,0.66059,0.6615,7.7,0.12
04/26/2023 14:00,0.66155,0.66156,0.66026,0.66076,-7.9,-0.12
04/26/2023 13:00,0.66035,0.6618,0.66027,0.66154,11.9,0.18
04/26/2023 12:00,0.66022,0.66094,0.65986,0.66039,1.7,0.03
04/26/2023 11:00,0.66029,0.66152,0.65955,0.66024,-0.5,-0.01
04/26/2023 10:00,0.65982,0.66119,0.65982,0.66026,4.4,0.07
04/26/2023 09:00,0.66045,0.66064,0.65948,0.65978,-6.7,-0.1
04/26/2023 08:00,0.66104,0.66119,0.66004,0.66046,-5.8,-0.09
04/26/2023 07:00,0.6614,0.66179,0.6603,0.66101,-3.9,-0.06
04/26/2023 06:00,0.66077,0.6617,0.66028,0.66144,6.7,0.1
04/26/2023 05:00,0.66107,0.6615,0.66039,0.66078,-2.9,-0.04
04/26/2023 04:00,0.66066,0.66129,0.66026,0.6611,4.4,0.07
04/26/2023 03:00,0.66195,0.66202,0.66057,0.66062,-13.3,-0.2
04/26/2023 02:00,0.66263,0.66263,0.66133,0.66198,-6.5,-0.1
04/26/2023 01:00,0.66328,0.6634,0.66103,0.6626,-6.8,-0.1
04/26/2023 00:00,0.6636,0.6639,0.66296,0.6633,-3,-0.05
04/25/2023 23:00,0.6636,0.6638,0.66306,0.66358,-0.2,0
04/25/2023 22:00,0.66271,0.66385,0.66262,0.66365,9.4,0.14
04/25/2023 21:00,0.6625,0.6628,0.66225,0.66269,1.9,0.03
04/25/2023 20:00,0.66214,0.66272,0.66208,0.66258,4.4,0.07
04/25/2023 19:00,0.66183,0.66245,0.6617,0.66213,3,0.05
04/25/2023 18:00,0.6618,0.66206,0.66164,0.66185,0.5,0.01
04/25/2023 17:00,0.66239,0.66264,0.66143,0.66176,-6.3,-0.1
04/25/2023 16:00,0.66257,0.66271,0.66193,0.6624,-1.7,-0.03
04/25/2023 15:00,0.66331,0.66351,0.66257,0.66259,-7.2,-0.11
04/25/2023 14:00,0.66325,0.66392,0.6628,0.6633,0.5,0.01
04/25/2023 13:00,0.66537,0.66556,0.66301,0.66323,-21.4,-0.32
04/25/2023 12:00,0.66521,0.66595,0.66513,0.66532,1.1,0.02
04/25/2023 11:00,0.66607,0.66617,0.6651,0.66525,-8.2,-0.12
04/25/2023 10:00,0.6666,0.667,0.66594,0.66607,-5.3,-0.08
04/25/2023 09:00,0.66659,0.66706,0.66637,0.66665,0.6,0.01
04/25/2023 08:00,0.6659,0.66663,0.66521,0.66654,6.4,0.1
04/25/2023 07:00,0.6678,0.66851,0.66572,0.66597,-18.3,-0.27
04/25/2023 06:00,0.66775,0.66875,0.66765,0.66776,0.1,0
04/25/2023 05:00,0.66785,0.66816,0.66712,0.66786,0.1,0
04/25/2023 04:00,0.66789,0.66796,0.66738,0.66781,-0.8,-0.01
04/25/2023 03:00,0.66816,0.66843,0.66773,0.6679,-2.6,-0.04
04/25/2023 02:00,0.66904,0.6691,0.6679,0.66817,-8.7,-0.13
04/25/2023 01:00,0.66955,0.67044,0.66906,0.66906,-4.9,-0.07
04/25/2023 00:00,0.67035,0.67055,0.66953,0.66955,-8,-0.12
04/24/2023 23:00,0.66996,0.67049,0.66982,0.67034,3.8,0.06
04/24/2023 22:00,0.6694,0.66997,0.66939,0.66995,5.5,0.08
04/24/2023 21:00,0.66933,0.66944,0.66909,0.66936,0.3,0
04/24/2023 20:00,0.66945,0.66965,0.66939,0.66964,1.9,0.03
04/24/2023 19:00,0.66929,0.6695,0.66914,0.66945,1.6,0.02
04/24/2023 18:00,0.66917,0.66939,0.66888,0.66926,0.9,0.01
04/24/2023 17:00,0.66853,0.66927,0.66846,0.66919,6.6,0.1
04/24/2023 16:00,0.66795,0.66853,0.66782,0.66852,5.7,0.09
04/24/2023 15:00,0.66943,0.6696,0.66782,0.66796,-14.7,-0.22
04/24/2023 14:00,0.6683,0.66975,0.66804,0.66942,11.2,0.17
04/24/2023 13:00,0.66855,0.66869,0.66737,0.66829,-2.6,-0.04
04/24/2023 12:00,0.6682,0.66888,0.66779,0.6686,4,0.06
04/24/2023 11:00,0.66812,0.66851,0.66792,0.66821,0.9,0.01
04/24/2023 10:00,0.66816,0.66835,0.66776,0.66806,-1,-0.01
04/24/2023 09:00,0.66884,0.66947,0.66809,0.66817,-6.7,-0.1
04/24/2023 08:00,0.66841,0.66899,0.66778,0.66882,4.1,0.06
04/24/2023 07:00,0.66696,0.66852,0.66672,0.66839,14.3,0.21
04/24/2023 06:00,0.6676,0.66776,0.66656,0.66699,-6.1,-0.09
04/24/2023 05:00,0.66755,0.66768,0.66699,0.66759,0.4,0.01
04/24/2023 04:00,0.66793,0.66806,0.66718,0.66753,-4,-0.06
04/24/2023 03:00,0.66803,0.66836,0.66779,0.66799,-0.4,-0.01
04/24/2023 02:00,0.66837,0.6689,0.66801,0.66806,-3.1,-0.05
04/24/2023 01:00,0.66949,0.66953,0.66823,0.66834,-11.5,-0.17
04/24/2023 00:00,0.66909,0.66957,0.66825,0.66953,4.4,0.07
04/23/2023 23:00,0.66953,0.66978,0.66911,0.66911,-4.2,-0.06
04/23/2023 22:00,0.66942,0.66971,0.66893,0.6695,0.8,0.01
04/23/2023 21:00,0.66927,0.66969,0.66912,0.66938,1.1,0.02
04/21/2023 20:00,0.66925,0.66954,0.66909,0.66933,0.8,0.01
04/21/2023 19:00,0.66849,0.66924,0.66828,0.66923,7.4,0.11
04/21/2023 18:00,0.66974,0.67011,0.66835,0.66851,-12.3,-0.18
04/21/2023 17:00,0.66901,0.6698,0.6688,0.66972,7.1,0.11
04/21/2023 16:00,0.66896,0.66912,0.66837,0.669,0.4,0.01
04/21/2023 15:00,0.66847,0.66931,0.6684,0.66891,4.4,0.07
04/21/2023 14:00,0.66869,0.67061,0.66792,0.66849,-2,-0.03
04/21/2023 13:00,0.67023,0.67089,0.66842,0.66868,-15.5,-0.23
04/21/2023 12:00,0.6697,0.67067,0.66946,0.67023,5.3,0.08
04/21/2023 11:00,0.66929,0.66981,0.6688,0.6697,4.1,0.06
04/21/2023 10:00,0.66875,0.66988,0.66855,0.66929,5.4,0.08
04/21/2023 09:00,0.66881,0.66923,0.66864,0.6687,-1.1,-0.02
04/21/2023 08:00,0.6687,0.66925,0.66834,0.66883,1.3,0.02
04/21/2023 07:00,0.66879,0.66945,0.66779,0.66871,-0.8,-0.01
04/21/2023 06:00,0.6709,0.6709,0.66851,0.66876,-21.4,-0.32
04/21/2023 05:00,0.67145,0.67176,0.67062,0.67094,-5.1,-0.08
04/21/2023 04:00,0.67181,0.67194,0.67123,0.67145,-3.6,-0.05
04/21/2023 03:00,0.67258,0.67263,0.67152,0.67181,-7.7,-0.11
04/21/2023 02:00,0.67248,0.67263,0.67192,0.67259,1.1,0.02
04/21/2023 01:00,0.67423,0.67428,0.67197,0.67244,-17.9,-0.27
04/21/2023 00:00,0.67428,0.67433,0.67351,0.67427,-0.1,0
04/20/2023 23:00,0.67422,0.67459,0.67416,0.67431,0.9,0.01
04/20/2023 22:00,0.6742,0.67445,0.67415,0.67421,0.1,0
04/20/2023 21:00,0.67348,0.67454,0.67333,0.67417,6.9,0.1
04/20/2023 20:00,0.67365,0.67426,0.67365,0.6742,5.5,0.08
04/20/2023 19:00,0.6742,0.67433,0.67328,0.67366,-5.4,-0.08
04/20/2023 18:00,0.67512,0.67523,0.67371,0.67424,-8.8,-0.13
04/20/2023 17:00,0.67511,0.67549,0.67486,0.67512,0.1,0
04/20/2023 16:00,0.67527,0.67554,0.67486,0.6751,-1.7,-0.03
04/20/2023 15:00,0.67661,0.67664,0.67516,0.67527,-13.4,-0.2
04/20/2023 14:00,0.67519,0.67716,0.67513,0.67661,14.2,0.21
04/20/2023 13:00,0.67488,0.67544,0.67419,0.67519,3.1,0.05
04/20/2023 12:00,0.67209,0.67515,0.67117,0.67491,28.2,0.42
04/20/2023 11:00,0.67358,0.67377,0.67203,0.67206,-15.2,-0.23
04/20/2023 10:00,0.67181,0.67362,0.67172,0.67357,17.6,0.26
04/20/2023 09:00,0.67099,0.67204,0.66993,0.67183,8.4,0.13
04/20/2023 08:00,0.67105,0.67204,0.67079,0.67097,-0.8,-0.01
04/20/2023 07:00,0.67207,0.67228,0.67071,0.67101,-10.6,-0.16
04/20/2023 06:00,0.67142,0.67268,0.6714,0.67208,6.6,0.1
04/20/2023 05:00,0.67045,0.67154,0.67039,0.67143,9.8,0.15
04/20/2023 04:00,0.67047,0.67063,0.67004,0.6704,-0.7,-0.01
04/20/2023 03:00,0.67052,0.67079,0.66988,0.67047,-0.5,-0.01
04/20/2023 02:00,0.67057,0.67096,0.67013,0.67049,-0.8,-0.01
04/20/2023 01:00,0.67049,0.671,0.66971,0.67062,1.3,0.02
04/20/2023 00:00,0.6705,0.67093,0.67036,0.67045,-0.5,-0.01
04/19/2023 23:00,0.67081,0.6709,0.67002,0.67052,-2.9,-0.04
04/19/2023 22:00,0.67142,0.67156,0.67051,0.67081,-6.1,-0.09
04/19/2023 21:00,0.67109,0.6715,0.67109,0.6714,3.1,0.05
04/19/2023 20:00,0.67151,0.67158,0.67126,0.67143,-0.8,-0.01
04/19/2023 19:00,0.67151,0.67168,0.67132,0.67148,-0.3,0
04/19/2023 18:00,0.67171,0.67216,0.67131,0.67152,-1.9,-0.03
04/19/2023 17:00,0.67227,0.67239,0.67159,0.67168,-5.9,-0.09
04/19/2023 16:00,0.67168,0.67242,0.67144,0.6723,6.2,0.09
04/19/2023 15:00,0.67201,0.67252,0.67154,0.67162,-3.9,-0.06
04/19/2023 14:00,0.672,0.67356,0.672,0.67205,0.5,0.01
04/19/2023 13:00,0.67188,0.6727,0.67181,0.67202,1.4,0.02
04/19/2023 12:00,0.67053,0.67216,0.67021,0.67187,13.4,0.2
04/19/2023 11:00,0.67008,0.67067,0.6694,0.67052,4.4,0.07
04/19/2023 10:00,0.66977,0.67032,0.66919,0.67006,2.9,0.04
04/19/2023 09:00,0.6706,0.67093,0.669,0.66979,-8.1,-0.12
04/19/2023 08:00,0.67166,0.67167,0.6704,0.67061,-10.5,-0.16
04/19/2023 07:00,0.67162,0.67269,0.6711,0.67163,0.1,0
04/19/2023 06:00,0.67252,0.67303,0.67078,0.67167,-8.5,-0.13
04/19/2023 05:00,0.67304,0.67322,0.67222,0.6725,-5.4,-0.08
04/19/2023 04:00,0.67304,0.67334,0.67294,0.67305,0.1,0
04/19/2023 03:00,0.67276,0.67312,0.67245,0.67304,2.8,0.04
04/19/2023 02:00,0.6725,0.67282,0.67153,0.67274,2.4,0.04
04/19/2023 01:00,0.67375,0.67411,0.67237,0.67252,-12.3,-0.18
04/19/2023 00:00,0.67354,0.674,0.67349,0.67374,2,0.03
04/18/2023 23:00,0.67301,0.67377,0.67291,0.67352,5.1,0.08
04/18/2023 22:00,0.67274,0.67307,0.67273,0.67301,2.7,0.04
04/18/2023 21:00,0.67195,0.67289,0.67149,0.67273,7.8,0.12
04/18/2023 20:00,0.67279,0.67291,0.67259,0.67275,-0.4,-0.01
04/18/2023 19:00,0.67268,0.67297,0.67264,0.67279,1.1,0.02
04/18/2023 18:00,0.67271,0.67299,0.67228,0.67269,-0.2,0
04/18/2023 17:00,0.67295,0.673,0.67259,0.67271,-2.4,-0.04
04/18/2023 16:00,0.67187,0.67303,0.67172,0.67301,11.4,0.17
04/18/2023 15:00,0.67341,0.67347,0.67181,0.67181,-16,-0.24
04/18/2023 14:00,0.67275,0.6737,0.67221,0.67344,6.9,0.1
04/18/2023 13:00,0.67292,0.67353,0.67216,0.67268,-2.4,-0.04
04/18/2023 12:00,0.67379,0.67474,0.67284,0.67292,-8.7,-0.13
04/18/2023 11:00,0.67407,0.67428,0.6735,0.67379,-2.8,-0.04
04/18/2023 10:00,0.67383,0.67444,0.67335,0.67412,2.9,0.04
04/18/2023 09:00,0.6737,0.6745,0.67349,0.67386,1.6,0.02
04/18/2023 08:00,0.67297,0.67406,0.67291,0.67371,7.4,0.11
04/18/2023 07:00,0.67319,0.67357,0.67276,0.67296,-2.3,-0.03
04/18/2023 06:00,0.67335,0.67374,0.67249,0.6732,-1.5,-0.02
04/18/2023 05:00,0.6717,0.6735,0.6716,0.67343,17.3,0.26
04/18/2023 04:00,0.67136,0.67184,0.67121,0.6717,3.4,0.05
04/18/2023 03:00,0.67181,0.67249,0.67135,0.67136,-4.5,-0.07
04/18/2023 02:00,0.67133,0.67213,0.67072,0.67186,5.3,0.08
04/18/2023 01:00,0.67003,0.6713,0.66977,0.67091,8.8,0.13
04/18/2023 00:00,0.66983,0.67028,0.66973,0.67004,2.1,0.03
04/17/2023 23:00,0.67001,0.67029,0.6698,0.66982,-1.9,-0.03
04/17/2023 22:00,0.67016,0.67033,0.66998,0.67001,-1.5,-0.02
04/17/2023 21:00,0.66967,0.67024,0.66782,0.67018,5.1,0.08
04/17/2023 20:00,0.67047,0.67062,0.6701,0.67015,-3.2,-0.05
04/17/2023 19:00,0.67012,0.67057,0.67003,0.67051,3.9,0.06
04/17/2023 18:00,0.66958,0.67024,0.6693,0.67011,5.3,0.08
04/17/2023 17:00,0.66935,0.67002,0.66932,0.66958,2.3,0.03
04/17/2023 16:00,0.66913,0.66944,0.66892,0.66932,1.9,0.03
04/17/2023 15:00,0.66908,0.66954,0.66872,0.66915,0.7,0.01
04/17/2023 14:00,0.66873,0.66929,0.66808,0.66905,3.2,0.05
04/17/2023 13:00,0.66928,0.67042,0.66866,0.66877,-5.1,-0.08
04/17/2023 12:00,0.67086,0.67156,0.66918,0.66928,-15.8,-0.24
04/17/2023 11:00,0.6709,0.67117,0.67058,0.67088,-0.2,0
04/17/2023 10:00,0.67019,0.67091,0.66993,0.67084,6.5,0.1
04/17/2023 09:00,0.66981,0.67046,0.66959,0.67025,4.4,0.07
04/17/2023 08:00,0.67041,0.67055,0.66915,0.66977,-6.4,-0.1
04/17/2023 07:00,0.67143,0.67195,0.67035,0.67046,-9.7,-0.14
04/17/2023 06:00,0.6711,0.67155,0.67087,0.6714,3,0.04
04/17/2023 05:00,0.67084,0.67149,0.67069,0.67112,2.8,0.04
04/17/2023 04:00,0.67078,0.67098,0.67056,0.67088,1,0.01
04/17/2023 03:00,0.67088,0.67094,0.67054,0.6708,-0.8,-0.01
04/17/2023 02:00,0.67055,0.67129,0.67046,0.67089,3.4,0.05
04/17/2023 01:00,0.66942,0.6709,0.66903,0.67049,10.7,0.16
04/17/2023 00:00,0.67053,0.67129,0.66943,0.66943,-11,-0.16
04/16/2023 23:00,0.67058,0.67081,0.6703,0.67057,-0.1,0
04/16/2023 22:00,0.67038,0.67082,0.67035,0.67055,1.7,0.03
04/16/2023 21:00,0.67018,0.67071,0.66962,0.67041,2.3,0.03
04/14/2023 20:00,0.67073,0.67106,0.67066,0.67101,2.8,0.04
04/14/2023 19:00,0.6706,0.67078,0.6701,0.6707,1,0.01
04/14/2023 18:00,0.66982,0.67064,0.66981,0.67059,7.7,0.11
04/14/2023 17:00,0.66979,0.67077,0.66976,0.66981,0.2,0
04/14/2023 16:00,0.67011,0.67058,0.6695,0.66978,-3.3,-0.05
04/14/2023 15:00,0.67165,0.67193,0.66957,0.67011,-15.4,-0.23
04/14/2023 14:00,0.67607,0.67607,0.67129,0.67162,-44.5,-0.66
04/14/2023 13:00,0.67644,0.67678,0.67557,0.67646,0.2,0
04/14/2023 12:00,0.6774,0.68055,0.67524,0.67648,-9.2,-0.14
04/14/2023 11:00,0.67804,0.67804,0.67682,0.67739,-6.5,-0.1
04/14/2023 10:00,0.67732,0.67804,0.67723,0.67798,6.6,0.1
04/14/2023 09:00,0.67647,0.67755,0.67643,0.67733,8.6,0.13
04/14/2023 08:00,0.67772,0.67782,0.67628,0.67649,-12.3,-0.18
04/14/2023 07:00,0.67731,0.67797,0.67673,0.67771,4,0.06
04/14/2023 06:00,0.67823,0.67826,0.67701,0.67728,-9.5,-0.14
04/14/2023 05:00,0.67826,0.67828,0.67756,0.67825,-0.1,0
04/14/2023 04:00,0.67851,0.67882,0.67763,0.67827,-2.4,-0.04
04/14/2023 03:00,0.67826,0.679,0.67793,0.67849,2.3,0.03
04/14/2023 02:00,0.67897,0.67938,0.67813,0.67832,-6.5,-0.1
04/14/2023 01:00,0.67833,0.67909,0.67828,0.67897,6.4,0.09
04/14/2023 00:00,0.67843,0.67926,0.67789,0.67833,-1,-0.01
04/13/2023 23:00,0.67832,0.67856,0.67815,0.6784,0.8,0.01
04/13/2023 22:00,0.6783,0.6786,0.67819,0.67832,0.2,0
04/13/2023 21:00,0.67795,0.67844,0.67794,0.67831,3.6,0.05
04/13/2023 20:00,0.6786,0.67889,0.67823,0.6783,-3,-0.04
04/13/2023 19:00,0.67894,0.67894,0.67857,0.67863,-3.1,-0.05
04/13/2023 18:00,0.67927,0.67948,0.67876,0.67893,-3.4,-0.05
04/13/2023 17:00,0.6786,0.67965,0.67857,0.67922,6.2,0.09
04/13/2023 16:00,0.67776,0.67869,0.67744,0.6786,8.4,0.12
04/13/2023 15:00,0.67672,0.67797,0.67662,0.67779,10.7,0.16
04/13/2023 14:00,0.67676,0.67713,0.67561,0.67668,-0.8,-0.01
04/13/2023 13:00,0.67566,0.67721,0.67525,0.67678,11.2,0.17
04/13/2023 12:00,0.67362,0.67625,0.67326,0.67566,20.4,0.3
04/13/2023 11:00,0.67294,0.67427,0.67285,0.67358,6.4,0.1
04/13/2023 10:00,0.673,0.67345,0.6725,0.67299,-0.1,0
04/13/2023 09:00,0.67235,0.6732,0.67214,0.67295,6,0.09
04/13/2023 08:00,0.67236,0.67358,0.6722,0.67233,-0.3,0
04/13/2023 07:00,0.67129,0.67286,0.67095,0.67235,10.6,0.16
04/13/2023 06:00,0.67013,0.67196,0.66953,0.67129,11.6,0.17
04/13/2023 05:00,0.67104,0.67112,0.66992,0.67014,-9,-0.13
04/13/2023 04:00,0.67094,0.67123,0.67064,0.67103,0.9,0.01
04/13/2023 03:00,0.67124,0.67151,0.67056,0.67094,-3,-0.04
04/13/2023 02:00,0.67156,0.67189,0.67056,0.67128,-2.8,-0.04
04/13/2023 01:00,0.66915,0.67209,0.66854,0.6716,24.5,0.36
04/13/2023 00:00,0.66968,0.66979,0.66864,0.66915,-5.3,-0.08
04-12-2023 23:00,0.66974,0.66997,0.66951,0.66967,-0.7,-0.01
04-12-2023 22:00,0.66927,0.66975,0.66913,0.66975,4.8,0.07
04-12-2023 21:00,0.66866,0.66957,0.66866,0.66927,6.1,0.09
04-12-2023 20:00,0.66925,0.66944,0.66905,0.6693,0.5,0.01
04-12-2023 19:00,0.66974,0.67003,0.66883,0.66923,-5.1,-0.08
04-12-2023 18:00,0.66926,0.67045,0.66877,0.6698,5.4,0.08
04-12-2023 17:00,0.66982,0.6701,0.66931,0.66931,-5.1,-0.08
04-12-2023 16:00,0.6687,0.66995,0.66859,0.66982,11.2,0.17
04-12-2023 15:00,0.66887,0.66911,0.66759,0.66871,-1.6,-0.02
04-12-2023 14:00,0.66978,0.67082,0.66834,0.66885,-9.3,-0.14
04-12-2023 13:00,0.67068,0.67159,0.66873,0.66978,-9,-0.13
04-12-2023 12:00,0.66733,0.67229,0.66654,0.67059,32.6,0.49
04-12-2023 11:00,0.66713,0.6675,0.66664,0.66735,2.2,0.03
04-12-2023 10:00,0.66685,0.66781,0.66663,0.66709,2.4,0.04
04-12-2023 09:00,0.66589,0.66687,0.66542,0.66687,9.8,0.15
04-12-2023 08:00,0.66618,0.66635,0.66539,0.66588,-3,-0.05
04-12-2023 07:00,0.66539,0.66633,0.66506,0.66616,7.7,0.12
04-12-2023 06:00,0.66697,0.66698,0.66526,0.6654,-15.7,-0.24
04-12-2023 05:00,0.66746,0.66755,0.66687,0.66704,-4.2,-0.06
04-12-2023 04:00,0.6665,0.6677,0.66642,0.66746,9.6,0.14
04-12-2023 03:00,0.66552,0.66655,0.66533,0.66649,9.7,0.15
04-12-2023 02:00,0.66629,0.66649,0.66526,0.66551,-7.8,-0.12
04-12-2023 01:00,0.66571,0.66635,0.66548,0.66631,6,0.09
04-12-2023 00:00,0.66531,0.66605,0.66505,0.66568,3.7,0.06
04-11-2023 23:00,0.66533,0.66541,0.66496,0.66531,-0.2,0
04-11-2023 22:00,0.66525,0.66541,0.66483,0.66535,1,0.02
04-11-2023 21:00,0.66486,0.66539,0.66466,0.66525,3.9,0.06
04-11-2023 20:00,0.66531,0.66549,0.6652,0.66532,0.1,0
04-11-2023 19:00,0.66512,0.66571,0.66512,0.66529,1.7,0.03
04-11-2023 18:00,0.66531,0.6654,0.66497,0.66512,-1.9,-0.03
04-11-2023 17:00,0.6647,0.66536,0.66455,0.66527,5.7,0.09
04-11-2023 16:00,0.66479,0.66504,0.66454,0.66466,-1.3,-0.02
04-11-2023 15:00,0.66534,0.66571,0.66459,0.66477,-5.7,-0.09
04-11-2023 14:00,0.66616,0.66699,0.66513,0.66537,-7.9,-0.12
04-11-2023 13:00,0.66569,0.66649,0.66489,0.66613,4.4,0.07
04-11-2023 12:00,0.66541,0.66604,0.66531,0.66565,2.4,0.04
04-11-2023 11:00,0.66599,0.66616,0.66508,0.66545,-5.4,-0.08
04-11-2023 10:00,0.66603,0.66629,0.66506,0.66599,-0.4,-0.01
04-11-2023 09:00,0.6669,0.66721,0.66561,0.66606,-8.4,-0.13
04-11-2023 08:00,0.66651,0.66737,0.66631,0.66687,3.6,0.05
04-11-2023 07:00,0.66685,0.66757,0.66629,0.66653,-3.2,-0.05
04-11-2023 06:00,0.66763,0.66795,0.66676,0.66681,-8.2,-0.12
04-11-2023 05:00,0.66679,0.66779,0.66671,0.66765,8.6,0.13
04-11-2023 04:00,0.66684,0.66745,0.66665,0.66682,-0.2,0
04-11-2023 03:00,0.6666,0.66734,0.6665,0.6668,2,0.03
04-11-2023 02:00,0.66546,0.66733,0.66545,0.66662,11.6,0.17
04-11-2023 01:00,0.66566,0.66571,0.66435,0.6655,-1.6,-0.02
04-11-2023 00:00,0.66476,0.66571,0.66464,0.66562,8.6,0.13
04-10-2023 23:00,0.66452,0.66501,0.66443,0.66481,2.9,0.04
04-10-2023 22:00,0.66399,0.66466,0.66397,0.66448,4.9,0.07
04-10-2023 21:00,0.66356,0.66405,0.66208,0.66405,4.9,0.07
04-10-2023 20:00,0.66429,0.66436,0.66407,0.66418,-1.1,-0.02
04-10-2023 19:00,0.66397,0.6643,0.66367,0.66425,2.8,0.04
04-10-2023 18:00,0.66404,0.66408,0.66361,0.66396,-0.8,-0.01
04-10-2023 17:00,0.66338,0.66407,0.66329,0.66405,6.7,0.1
04-10-2023 16:00,0.6625,0.66352,0.66232,0.66337,8.7,0.13
04-10-2023 15:00,0.66258,0.66327,0.66237,0.66249,-0.9,-0.01
04-10-2023 14:00,0.66234,0.66281,0.66195,0.66257,2.3,0.03
04-10-2023 13:00,0.66232,0.66283,0.66202,0.66232,0,0
04-10-2023 12:00,0.66579,0.66589,0.66219,0.66235,-34.4,-0.52
04-10-2023 11:00,0.66687,0.66727,0.6656,0.66582,-10.5,-0.16
04-10-2023 10:00,0.6676,0.66774,0.66687,0.66694,-6.6,-0.1
04-10-2023 09:00,0.6669,0.66804,0.66657,0.66757,6.7,0.1
04-10-2023 08:00,0.66707,0.66727,0.66659,0.66686,-2.1,-0.03
04-10-2023 07:00,0.66693,0.66741,0.66653,0.66707,1.4,0.02
04-10-2023 06:00,0.66588,0.667,0.66553,0.6669,10.2,0.15
04-10-2023 05:00,0.66598,0.66598,0.66525,0.66588,-1,-0.02
04-10-2023 04:00,0.66618,0.66658,0.66599,0.66599,-1.9,-0.03
04-10-2023 03:00,0.66599,0.66628,0.66585,0.66617,1.8,0.03
04-10-2023 02:00,0.66629,0.66645,0.66592,0.66603,-2.6,-0.04
04-10-2023 01:00,0.66596,0.6666,0.66571,0.66632,3.6,0.05
04-10-2023 00:00,0.6673,0.66746,0.66592,0.66594,-13.6,-0.2
04-09-2023 23:00,0.66709,0.66743,0.66682,0.66729,2,0.03
04-09-2023 22:00,0.66592,0.66719,0.66592,0.66707,11.5,0.17
04-09-2023 21:00,0.66526,0.66632,0.66519,0.66606,8,0.12
04-07-2023 20:00,0.66623,0.6671,0.66514,0.66612,-1.1,-0.02
04-07-2023 19:00,0.66711,0.66716,0.66533,0.66631,-8,-0.12
04-07-2023 18:00,0.66683,0.66713,0.66579,0.66713,3,0.04
04-07-2023 17:00,0.66629,0.66711,0.66583,0.66683,5.4,0.08
04-07-2023 16:00,0.66657,0.66716,0.66583,0.66624,-3.3,-0.05
04-07-2023 15:00,0.66649,0.66674,0.66619,0.66658,0.9,0.01
04-07-2023 14:00,0.66682,0.66707,0.66603,0.66649,-3.3,-0.05
04-07-2023 13:00,0.66733,0.66781,0.66659,0.66679,-5.4,-0.08
04-07-2023 12:00,0.66763,0.66784,0.66411,0.66735,-2.8,-0.04
04-07-2023 11:00,0.66813,0.66817,0.66745,0.66763,-5,-0.07
04-07-2023 10:00,0.66832,0.66858,0.66808,0.6681,-2.2,-0.03
04-07-2023 09:00,0.66781,0.66852,0.66764,0.66835,5.4,0.08
04-07-2023 08:00,0.6681,0.6681,0.66768,0.66787,-2.3,-0.03
04-07-2023 07:00,0.66813,0.66853,0.66791,0.66812,-0.1,0
04-07-2023 06:00,0.66852,0.66877,0.66801,0.66811,-4.1,-0.06
04-07-2023 05:00,0.66847,0.66912,0.66833,0.66853,0.6,0.01
04-07-2023 04:00,0.66811,0.66859,0.66808,0.66848,3.7,0.06
04-07-2023 03:00,0.66816,0.66822,0.66787,0.6681,-0.6,-0.01
04-07-2023 02:00,0.66787,0.66832,0.66773,0.66814,2.7,0.04
04-07-2023 01:00,0.66732,0.66818,0.66727,0.66789,5.7,0.09
04-07-2023 00:00,0.66743,0.66758,0.66718,0.66732,-1.1,-0.02
04-06-2023 23:00,0.66703,0.66748,0.66669,0.6674,3.7,0.06
04-06-2023 22:00,0.66707,0.66719,0.66702,0.66704,-0.3,0
04-06-2023 21:00,0.66698,0.66716,0.66697,0.66707,0.9,0.01
04-06-2023 20:00,0.66721,0.66726,0.66692,0.66712,-0.9,-0.01
04-06-2023 19:00,0.66797,0.66798,0.66721,0.66721,-7.6,-0.11
04-06-2023 18:00,0.66793,0.66825,0.66746,0.668,0.7,0.01
04-06-2023 17:00,0.66784,0.66822,0.66769,0.66788,0.4,0.01
04-06-2023 16:00,0.66731,0.66834,0.66728,0.66788,5.7,0.09
04-06-2023 15:00,0.66661,0.66731,0.6663,0.66728,6.7,0.1
04-06-2023 14:00,0.66562,0.66677,0.66535,0.66662,10,0.15
04-06-2023 13:00,0.66705,0.66709,0.66532,0.66562,-14.3,-0.21
04-06-2023 12:00,0.66942,0.67018,0.6668,0.66705,-23.7,-0.36
04-06-2023 11:00,0.66928,0.66944,0.66864,0.66944,1.6,0.02
04-06-2023 10:00,0.66971,0.66971,0.66896,0.66925,-4.6,-0.07
04-06-2023 09:00,0.66991,0.67026,0.66949,0.66972,-1.9,-0.03
04-06-2023 08:00,0.67077,0.67084,0.66952,0.6699,-8.7,-0.13
04-06-2023 07:00,0.67058,0.67095,0.66988,0.67081,2.3,0.03
04-06-2023 06:00,0.66934,0.67084,0.66919,0.67052,11.8,0.18
04-06-2023 05:00,0.66959,0.66961,0.66874,0.66936,-2.3,-0.03
04-06-2023 04:00,0.66996,0.67,0.66938,0.66957,-3.9,-0.06
04-06-2023 03:00,0.66993,0.67033,0.66962,0.67002,0.9,0.01
04-06-2023 02:00,0.67021,0.67038,0.66952,0.66988,-3.3,-0.05
04-06-2023 01:00,0.67072,0.67079,0.66979,0.67022,-5,-0.07
04-06-2023 00:00,0.67165,0.67198,0.67061,0.67074,-9.1,-0.14
04-05-2023 23:00,0.67243,0.67246,0.67163,0.67163,-8,-0.12
04-05-2023 22:00,0.67213,0.67253,0.67208,0.67245,3.2,0.05
04-05-2023 21:00,0.67139,0.67214,0.67139,0.67211,7.2,0.11
04-05-2023 20:00,0.672,0.67221,0.67181,0.6721,1,0.01
04-05-2023 19:00,0.67226,0.67228,0.67181,0.67202,-2.4,-0.04
04-05-2023 18:00,0.67167,0.67236,0.67156,0.67227,6,0.09
04-05-2023 17:00,0.67087,0.67168,0.67038,0.67165,7.8,0.12
04-05-2023 16:00,0.67272,0.67282,0.67056,0.67087,-18.5,-0.28
04-05-2023 15:00,0.67105,0.67288,0.67094,0.67272,16.7,0.25
04-05-2023 14:00,0.67201,0.67293,0.67003,0.67108,-9.3,-0.14
04-05-2023 13:00,0.67104,0.67159,0.66979,0.67002,-10.2,-0.15
04-05-2023 12:00,0.66975,0.67173,0.66975,0.67103,12.8,0.19
04-05-2023 11:00,0.66864,0.67007,0.66769,0.66974,11,0.16
04-05-2023 10:00,0.66893,0.66899,0.66809,0.66861,-3.2,-0.05
04-05-2023 09:00,0.66977,0.67023,0.66798,0.66893,-8.4,-0.13
04-05-2023 08:00,0.67112,0.67123,0.66946,0.6698,-13.2,-0.2
04-05-2023 07:00,0.67221,0.67333,0.67086,0.67108,-11.3,-0.17
04-05-2023 06:00,0.67359,0.67382,0.6722,0.67223,-13.6,-0.2
04-05-2023 05:00,0.67448,0.67472,0.67304,0.67357,-9.1,-0.14
04-05-2023 04:00,0.67545,0.67545,0.67426,0.67446,-9.9,-0.15
04-05-2023 03:00,0.67654,0.6766,0.67499,0.67544,-11,-0.16
04-05-2023 02:00,0.67545,0.67801,0.67545,0.67656,11.1,0.16
04-05-2023 01:00,0.67588,0.67665,0.67536,0.67547,-4.1,-0.06
04-05-2023 00:00,0.67597,0.67674,0.67563,0.67583,-1.4,-0.02
04-04-2023 23:00,0.67548,0.67606,0.67541,0.67602,5.4,0.08
04-04-2023 22:00,0.67522,0.67591,0.67512,0.67544,2.2,0.03
04-04-2023 21:00,0.67506,0.67535,0.67506,0.67518,1.2,0.02
04-04-2023 20:00,0.67501,0.67532,0.67496,0.67509,0.8,0.01
04-04-2023 19:00,0.6741,0.67506,0.67392,0.67506,9.6,0.14
04-04-2023 18:00,0.6741,0.67434,0.67377,0.67406,-0.4,-0.01
